<?xml version="1.0"?>
<document>
  <row>
    <Title>Becoming</Title>
    <Authors>Michelle Obama</Authors>
    <Rating>4.9</Rating>
    <Published_Year>2018</Published_Year>
    <url>https://www.amazon.com/Becoming-Michelle-Obama/dp/1524763136/ref=zg_bs_books_7/144-2021759-7862869?_encoding=UTF8&amp;psc=1&amp;refRID=NS10DER5K6QPN21GXDJJ</url>
  </row>
  <row>
    <Title>Dash &amp; Lily's Book of Dares</Title>
    <Authors>David Levithan,Rachel Cohn</Authors>
    <Rating>4.1</Rating>
    <Published_Year>2010</Published_Year>
    <url>https://www.amazon.com/gp/product/0375866590/ref=x_gr_e_friend_sout_bb?ie=UTF8&amp;tag=x_gr_e_friend_sout_bb-20&amp;linkCode=as2&amp;camp=1789&amp;creative=9325&amp;creativeASIN=0375866590&amp;SubscriptionId=1MGPYB6YW3HWK55XCGG2</url>
  </row>
  <row>
    <Title>Harry Potter and the Goblet of Fire: The Illustrated Edition</Title>
    <Authors>J. K. Rowling,Jim Kay</Authors>
    <Rating>NA</Rating>
    <Published_Year>2019</Published_Year>
    <url>https://www.amazon.com/Harry-Potter-Goblet-Fire-Illustrated/dp/0545791421/ref=zg_bs_books_19/144-2021759-7862869?_encoding=UTF8&amp;psc=1&amp;refRID=NS10DER5K6QPN21GXDJJ</url>
  </row>
</document>
