[
    {
        "Title": "Becoming",
        "Authors": "Michelle Obama",
        "Rating": 4.9,
        "Published Year": 2018,
        "url": "https://www.amazon.com/Becoming-Michelle-Obama/dp/1524763136/ref=zg_bs_books_7/144-2021759-7862869?_encoding=UTF8&psc=1&refRID=NS10DER5K6QPN21GXDJJ"
    },
    {
        "Title": "Dash & Lily's Book of Dares",
        "Authors": "David Levithan,Rachel Cohn",
        "Rating": 4.1,
        "Published Year": 2010,
        "url": "https://www.amazon.com/gp/product/0375866590/ref=x_gr_e_friend_sout_bb?ie=UTF8&tag=x_gr_e_friend_sout_bb-20&linkCode=as2&camp=1789&creative=9325&creativeASIN=0375866590&SubscriptionId=1MGPYB6YW3HWK55XCGG2"
    },
    {
        "Title": "Harry Potter and the Goblet of Fire: The Illustrated Edition",
        "Authors": "J. K. Rowling,Jim Kay",
        "Published Year": 2019,
        "url": "https://www.amazon.com/Harry-Potter-Goblet-Fire-Illustrated/dp/0545791421/ref=zg_bs_books_19/144-2021759-7862869?_encoding=UTF8&psc=1&refRID=NS10DER5K6QPN21GXDJJ"
    }
]