{"chunk_definitions":[{"chunk_id":"csetup_chunk","chunk_label":"setup","document_id":"1F390D1C","expansion_state":0,"options":{"engine":"r","include":false,"label":"setup"},"row":9,"row_count":1,"visible":true},{"chunk_id":"czx9o1iue4449","chunk_label":"unnamed-chunk-1","document_id":"1F390D1C","expansion_state":0,"options":{"engine":"r","label":"unnamed-chunk-1"},"row":35,"row_count":1,"visible":true},{"chunk_id":"cml1ctom7c700","chunk_label":"unnamed-chunk-2","document_id":"1F390D1C","expansion_state":0,"options":{},"row":40,"row_count":1,"visible":true},{"chunk_id":"cvmy5bn8ie7uh","chunk_label":"unnamed-chunk-3","document_id":"1F390D1C","expansion_state":0,"options":{},"row":47,"row_count":1,"visible":true},{"chunk_id":"ccfjpq3b9jthq","chunk_label":"unnamed-chunk-4","document_id":"1F390D1C","expansion_state":0,"options":{},"row":55,"row_count":1,"visible":true},{"chunk_id":"cc016x13jq5d5","chunk_label":"unnamed-chunk-5","document_id":"1F390D1C","expansion_state":0,"options":{},"row":63,"row_count":1,"visible":true}],"default_chunk_options":{"echo":true,"error":false},"doc_write_time":1552853742,"working_dir":null}